id,name
0001(1), Bean
0001(2), Bean
0001(3), Bean
0001(4), Bean
0001(5), Bean
0001(6), Bean
0002(1),gabriel
0002(2),gabriel
0002(3),gabriel
0002(4),gabriel
0002(5),gabriel
0002(6),gabriel
0003(1),leo
0003(2),leo
0003(3),leo
0003(4),leo
0003(5),leo
0003(6),leo
0005(1),raphael
0005(2),raphael
0005(3),raphael
0005(4),raphael
0005(5),raphael
0005(6),raphael
0006(1),arthur
0006(2),arthur
0006(3),arthur
0006(4),arthur
0006(5),arthur
0006(6),arthur
0007(1),louis
0007(2),louis
0007(3),louis
0007(4),louis
0007(5),louis
0007(6),louis
0008(1),lucas
0008(2),lucas
0008(3),lucas
0008(4),lucas
0008(5),lucas
0008(6),lucas
0009(1),Nina
0009(2),Nina
0009(3),Nina
0009(4),Nina
0009(5),Nina
0009(6),Nina
0010(1),jules
0010(2),jules
0010(3),jules
0010(4),jules
0010(5),jules
0010(6),jules
0011(1),emma
0011(2),emma
0011(3),emma
0011(4),emma
0011(5),emma
0011(6),emma
0012(1),louise
0012(2),louise
0012(3),louise
0012(4),louise
0012(5),louise
0012(6),louise
0013(1),jade
0013(2),jade
0013(3),jade
0013(4),jade
0013(5),jade
0013(6),jade
0014(1),alice
0014(2),alice
0014(3),alice
0014(4),alice
0014(5),alice
0014(6),alice
0015(1),chloe
0015(2),chloe
0015(3),chloe
0015(4),chloe
0015(5),chloe
0015(6),chloe
0016(1),lina
0016(2),lina
0016(3),lina
0016(4),lina
0016(5),lina
0016(6),lina
0017(1),mila
0017(2),mila
0017(3),mila
0017(4),mila
0017(5),mila
0017(6),mila
0018(1),lea
0018(2),lea
0018(3),lea
0018(4),lea
0018(5),lea
0018(6),lea
0019(1),beatrice
0019(2),beatrice
0019(3),beatrice
0019(4),beatrice
0019(5),beatrice
0019(6),beatrice
0020(1),julie
0020(2),julie
0020(3),julie
0020(4),julie
0020(5),julie
0020(6),julie
0021(1),anna
0021(2),anna
0021(3),anna
0021(4),anna
0021(5),anna
0021(6),anna
0023(1),cami
0023(2),cami
0023(3),cami
0023(4),cami
0023(5),cami
0023(6),cami
0024(1),lola
0024(2),lola
0024(3),lola
0024(4),lola
0024(5),lola
0024(6),lola
0025(1), greg
0025(2), greg
0025(3), greg
0025(4), greg
0025(5), greg
0025(6), greg
0026(1), sabine
0026(2), sabine
0026(3), sabine
0026(4), sabine
0026(5), sabine
0026(6), sabine
0027(1), iris
0027(2), iris
0027(3), iris
0027(4), iris
0027(5), iris
0027(6), iris
0028(1), samuel
0028(2), samuel
0028(3), samuel
0028(4), samuel
0028(5), samuel
0028(6), samuel
0029(1), antonio
0029(2), antonio
0029(3), antonio
0029(4), antonio
0029(5), antonio
0029(6), antonio
0030(1), janny
0030(2), janny
0030(3), janny
0030(4), janny
0030(5), janny
0030(6), janny
0030(6), janny
0030(6), janny
0031(1), doug
0031(2), doug
0031(3), doug
0031(4), doug
0031(5), doug
0031(6), doug
0032(1), charlie
0032(2), charlie
0032(3), charlie
0032(4), charlie
0032(5), charlie
0032(6), charlie
0033(1),mike
0033(2),mike
0033(3),mike
0033(4),mike
0033(5),mike
0033(6),mike
0034(1),nicole
0034(2),nicole
0034(3),nicole
0034(4),nicole
0034(5),nicole
0034(6),nicole
0035(1),pauline
0035(2),pauline
0035(3),pauline
0035(4),pauline
0035(5),pauline
0035(6),pauline
0036(1),lucas
0036(2),lucas
0036(3),lucas
0036(4),lucas
0036(5),lucas
0036(6),lucas
0037(1),ralph
0037(2),ralph
0037(3),ralph
0037(4),ralph
0037(5),ralph
0037(6),ralph
0038(1),josh
0038(2),josh
0038(3),josh
0038(4),josh
0038(5),josh
0038(6),josh
0039(1),david
0039(2),david
0039(3),david
0039(4),david
0039(5),david
0039(6),david
0040(1),henry
0040(2),henry
0040(3),henry
0040(4),henry
0040(5),henry
0040(6),henry
0041(1),lanaya
0041(2),lanaya
0041(3),lanaya
0041(4),lanaya
0041(5),lanaya
0041(6),lanaya
0042(1),mice
0042(2),mice
0042(3),mice
0042(4),mice
0042(5),mice
0042(6),mice
0043(1),suzy
0043(2),suzy
0043(3),suzy
0043(4),suzy
0043(5),suzy
0043(6),suzy
0044(1),ben
0044(2),ben
0044(3),ben
0044(4),ben
0044(5),ben
0044(6),ben
0045(1),marc
0045(2),marc
0045(3),marc
0045(4),marc
0045(5),marc
0045(6),marc
0046(1),michael
0046(2),michael
0046(3),michael
0046(4),michael
0046(5),michael
0046(6),michael
